product_name,price,describe,image,discount
ÁO THUN NAM POLO THÊU LOGO MEC CHẤT VẢI COTTON 4 CHIỀU DO DÃN CỰC KỲ SANG TRỌNG LỊCH LÃM - PLOMEC512,119.000,Đặc tính sản phẩm ÁO THUN NAM POLO THÊU LOGO MEC CHẤT VẢI COTTON 4 CHIỀU DO DÃN CỰC KỲ SANG TRỌNG LỊCH LÃM - PLOMEC512,https://lzd-img-global.slatic.net/g/ff/kf/Se371ab5dc77d474bbf8dfe2ce6c7e40bb.jpg_720x720q80.jpg_.webp,34%
【Hàng Có Sẵn】áo Tay Dài Mô Tô Yamaha Mio I 125 M3 Áo Đua Xuống Dốc Mới Áo Đi Xe Đạp Áo Chạy Xe Máy Xe Đạp Leo Núi Quần Áo Thể Thao Đua Xe Mô Tô Đường Địa Hình Xe Đạp Xe Đạp,312.000,Đặc tính sản phẩm 【Hàng Có Sẵn】áo Tay Dài Mô Tô Yamaha Mio I 125 M3 Áo Đua Xuống Dốc Mới Áo Đi Xe Đạp Áo Chạy Xe Máy Xe Đạp Leo Núi Quần Áo Thể Thao Đua Xe Mô Tô Đường Địa Hình Xe Đạp Xe Đạp,https://lzd-img-global.slatic.net/g/p/1ac0e62b25c3012b6d20ba061b0e3f99.jpg_720x720q80.jpg_.webp,38%
Áo thể thao nam Coolmate Basics thấm hút nhanh khô,99.000,Đặc tính sản phẩm Áo thể thao nam Coolmate Basics thấm hút nhanh khô,https://lzd-img-global.slatic.net/g/p/4bede891fdc2076cf45c07f6b1b9b282.jpg_720x720q80.jpg_.webp,2%
ASRV Áo Thun Nam Tay Ngắn Dáng Rộng Họa Tiết Kẻ Sọc Waffle Thiết Kế Niche Cao Cấp Áo Khoác Có Mũ Dễ Phối,199.000,Đặc tính sản phẩm ASRV Áo Thun Nam Tay Ngắn Dáng Rộng Họa Tiết Kẻ Sọc Waffle Thiết Kế Niche Cao Cấp Áo Khoác Có Mũ Dễ Phối,https://lzd-img-global.slatic.net/g/p/b7ff0ac571c61e939dab46687a617f04.jpg_720x720q80.jpg_.webp,60%
Áo thun nam cổ tròn dập vân nổi thêu họa tiết 2 màu trắng đen mẫu mới chất vải cotton co giãn-AHFASHION,99.000,Đặc tính sản phẩm Áo thun nam cổ tròn dập vân nổi thêu họa tiết 2 màu trắng đen mẫu mới chất vải cotton co giãn-AHFASHION,https://lzd-img-global.slatic.net/g/ff/kf/S8e581bfc92ac49c5bac680d32f609705x.jpg_720x720q80.jpg_.webp,63%
Áo thun áo phông BEAUTIFUL- Áo phông form rộng tay lỡ phong cách Hàn Quốc phù hợp cả nam nữ cặp đôi - Tokyo shop (Video thật),59.000,Đặc tính sản phẩm Áo thun áo phông BEAUTIFUL- Áo phông form rộng tay lỡ phong cách Hàn Quốc phù hợp cả nam nữ cặp đôi - Tokyo shop (Video thật),https://lzd-img-global.slatic.net/g/p/6814f18dd3f677065a5fa3dabe4f0047.jpg_720x720q80.jpg_.webp,41%
"Áo thun tay lỡ - PHỐI LAYER + IN NỔI CHỮ FLOWER - chất cotton thoáng mát và mềm mịn đi học ,đi chơi đều ok",200.000,"Đặc tính sản phẩm Áo thun tay lỡ - PHỐI LAYER + IN NỔI CHỮ FLOWER - chất cotton thoáng mát và mềm mịn đi học ,đi chơi đều ok",https://lzd-img-global.slatic.net/g/p/28df7959c7c0e274a0d44d060211356b.jpg_720x720q80.jpg_.webp,52%
Áo thun nam POLO vải cá sấu cotton cao cấp ngắn tay cực sang trọng lịch lãm,109.000,Đặc tính sản phẩm Áo thun nam POLO vải cá sấu cotton cao cấp ngắn tay cực sang trọng lịch lãm,https://lzd-img-global.slatic.net/g/p/42300e88bfee6a1eb12b6f109503f055.png_720x720q80.png_.webp,29%
Áo Thun Tay Lỡ Form Rộng 1969Unisex Áo Phông Unisex Nam Nữ Form Rộng Tay Lỡ Teelab Việt Nam Form Rộng Unisex phông Đen Trắng Nam Nữ Thời Trang Hàn Quốc Kiểu Dáng Trẻ Trung,75.600,Đặc tính sản phẩm Áo Thun Tay Lỡ Form Rộng 1969Unisex Áo Phông Unisex Nam Nữ Form Rộng Tay Lỡ Teelab Việt Nam Form Rộng Unisex phông Đen Trắng Nam Nữ Thời Trang Hàn Quốc Kiểu Dáng Trẻ Trung,https://lzd-img-global.slatic.net/g/p/b72e3c9b97c10aa1af0798d832cb7efd.jpg_720x720q80.jpg_.webp,57%
ASRV Áo thun nam Mới Mùa Hè kích thước lớn dáng rộng áo màu trơn thể thao nam tay ngắn cổ tròn khô nhanh,360.000,Đặc tính sản phẩm ASRV Áo thun nam Mới Mùa Hè kích thước lớn dáng rộng áo màu trơn thể thao nam tay ngắn cổ tròn khô nhanh,https://lzd-img-global.slatic.net/g/ff/kf/S3d0e8e7a4c8e4989bd0e9cd40025a96bJ.jpg_720x720q80.jpg_.webp,52%
[HCM]Áo Thun Unisex Nam Nữ Form Rộng Tay Lỡ Thời Trang Hàn Quốc NEVER HOOD Độc Đẹp Vải Dày Mịn Thoáng Mát Thiết Kế Thời Trang Kiểu Dáng Năng Động Trẻ Trung,79.000,Đặc tính sản phẩm [HCM]Áo Thun Unisex Nam Nữ Form Rộng Tay Lỡ Thời Trang Hàn Quốc NEVER HOOD Độc Đẹp Vải Dày Mịn Thoáng Mát Thiết Kế Thời Trang Kiểu Dáng Năng Động Trẻ Trung,https://lzd-img-global.slatic.net/g/p/20c786eaf295c8776c8c191292282cdb.jpg_720x720q80.jpg_.webp,55%
Áo phông nam tay ngắn cổ tròn chất thun cotton tổ ong co giãn 4 chiều mặc cực mát - AhStore,120.000,Đặc tính sản phẩm Áo phông nam tay ngắn cổ tròn chất thun cotton tổ ong co giãn 4 chiều mặc cực mát - AhStore,https://lzd-img-global.slatic.net/g/ff/kf/Sa8f8b06b7b114154864068ff5f2e9d3bt.jpg_720x720q80.jpg_.webp,50%
"Áo thun tay lỡ form rộng Hades Skull Wolf Wash Tee phong cách unisex cho cả nam và nữ, vải cotton dày mịn, full tag mạc, hình in to và cực bền AL75",250.000,"Đặc tính sản phẩm Áo thun tay lỡ form rộng Hades Skull Wolf Wash Tee phong cách unisex cho cả nam và nữ, vải cotton dày mịn, full tag mạc, hình in to và cực bền AL75",https://lzd-img-global.slatic.net/g/ff/kf/Sf2a18cf52b204682a6573a6634e9f93dO.jpg_720x720q80.jpg_.webp,64%
"Áo thun tay lỡ Sadboiz Stagram form rộng unisex, áo thun Sadboiz stagram nam nữ phong cách hàn quốc chất cotton mềm mịn MS555",100.000,"Đặc tính sản phẩm Áo thun tay lỡ Sadboiz Stagram form rộng unisex, áo thun Sadboiz stagram nam nữ phong cách hàn quốc chất cotton mềm mịn MS555",https://lzd-img-global.slatic.net/g/ff/kf/S8dbca852883e406a8a5c10c297b269f4V.jpg_720x720q80.jpg_.webp,54%
Áo Thun NAM NỮ Mèo Samurai Nhật Bản Form Rộng Hot Trend Mạnh Mẽ Sành Điệu Vải Dày Min 2023 hot hit - Dubai Fashion,80.000,Đặc tính sản phẩm Áo Thun NAM NỮ Mèo Samurai Nhật Bản Form Rộng Hot Trend Mạnh Mẽ Sành Điệu Vải Dày Min 2023 hot hit - Dubai Fashion,https://lzd-img-global.slatic.net/g/p/66021d74d60aef28dc1adce564a463e3.png_720x720q80.png_.webp,50%
Áo Thun Nam Tay Ngắn Trơn Form Fitted - Routine 10S21TSH019CR2,149.000,Đặc tính sản phẩm Áo Thun Nam Tay Ngắn Trơn Form Fitted - Routine 10S21TSH019CR2,https://lzd-img-global.slatic.net/g/p/46b6b0e4b9491bdbd27bf1417e0c6173.jpg_720x720q80.jpg_.webp,34%
KYUSHUAD Áo Thun Nhuộm Cà Vạt Cổ Điển Mới Nam Mùa Hè Và Nữ Tay Áo Lửng Áo Rộng In Hình Cặp Đôi Đường Phố Tay Ngắn,192.000,Đặc tính sản phẩm KYUSHUAD Áo Thun Nhuộm Cà Vạt Cổ Điển Mới Nam Mùa Hè Và Nữ Tay Áo Lửng Áo Rộng In Hình Cặp Đôi Đường Phố Tay Ngắn,https://lzd-img-global.slatic.net/g/p/2dd5797e50adcce177e50fd91a09226c.jpg_720x720q80.jpg_.webp,47%
Áo phông nam nữ unisex tay lỡ thun form rộng FRIENDSHIP local brand teen oversize cotton tee pull freesize polo màu đen trắng xanh lá cổ tròn trơn phong cách thời trang Hàn Quốc phối quần siêu đẹp Dominion Clothing,116.000,Đặc tính sản phẩm Áo phông nam nữ unisex tay lỡ thun form rộng FRIENDSHIP local brand teen oversize cotton tee pull freesize polo màu đen trắng xanh lá cổ tròn trơn phong cách thời trang Hàn Quốc phối quần siêu đẹp Dominion Clothing,https://lzd-img-global.slatic.net/g/ff/kf/S9ed4a27f021e44a1b422300526db96e3A.jpg_720x720q80.jpg_.webp,53%
"Áo thun nam Cotton Compact ngắn tay phiên bản Premium chống nhăn, thoáng mát nhiều màu",259.000,"Đặc tính sản phẩm Áo thun nam Cotton Compact ngắn tay phiên bản Premium chống nhăn, thoáng mát nhiều màu",https://lzd-img-global.slatic.net/g/ff/kf/Se0d45868db214f23bcb6034f4a2e6a62f.jpg_720x720q80.jpg_.webp,23%
Hanlu Áo Thun Nam Thiết Kế Đa Năng Và Đẹp Trai Tay Ngắn Chất Lượng Cao Kẻ Sọc Cổ Tròn,369.600,Đặc tính sản phẩm Hanlu Áo Thun Nam Thiết Kế Đa Năng Và Đẹp Trai Tay Ngắn Chất Lượng Cao Kẻ Sọc Cổ Tròn,https://lzd-img-global.slatic.net/g/p/1d87d1007e6522096a6516f362c154d5.jpg_720x720q80.jpg_.webp,38%
Áo thun nam Cotton Coolmate Basics 200gsm - Thương hiệu Coolmate,149.000,Đặc tính sản phẩm Áo thun nam Cotton Coolmate Basics 200gsm - Thương hiệu Coolmate,https://lzd-img-global.slatic.net/g/ff/kf/S5f55af16541940688b77c14f77733c99Q.jpg_720x720q80.jpg_.webp,10%
Áo thun nam cá sấu có cổ thời trang nhiều màu Everest,99.000,Đặc tính sản phẩm Áo thun nam cá sấu có cổ thời trang nhiều màu Everest,https://lzd-img-global.slatic.net/g/p/015bac3cbcb40e63d87dd1bdead60856.jpg_720x720q80.jpg_.webp,38%
"Áo Thun Nam Ngắn Tay Guzado, Chất Liệu Cotton Chuẩn, Thấm Hút Cực Tốt, Hàng May Kỹ GTS11.",225.000,"Đặc tính sản phẩm Áo Thun Nam Ngắn Tay Guzado, Chất Liệu Cotton Chuẩn, Thấm Hút Cực Tốt, Hàng May Kỹ GTS11.",https://lzd-img-global.slatic.net/g/ff/kf/S186df216833b490c801703ca117f8099z.jpg_720x720q80.jpg_.webp,56%
"Áo thun áo phông HADES 2023 Alternative Tee - Tokyo Shop Áo form rộng tay lỡ phong cách Hàn Quốc, Áo thun áo phông nam, Áo thun áo phông nữ, Áo thun áo phông cặp, áo cặp, Áo thun áo phông unisex, trẻ trung, năng động ( Video thật )",59.000,"Đặc tính sản phẩm Áo thun áo phông HADES 2023 Alternative Tee - Tokyo Shop Áo form rộng tay lỡ phong cách Hàn Quốc, Áo thun áo phông nam, Áo thun áo phông nữ, Áo thun áo phông cặp, áo cặp, Áo thun áo phông unisex, trẻ trung, năng động ( Video thật )",https://lzd-img-global.slatic.net/g/p/432ff92e1f491a6128722073c36c6c2d.jpg_720x720q80.jpg_.webp,41%
Áo thun nam tay ngắn cổ tròn chất vải cotton co giãn thoáng mát phối L.V trẻ trung mẫu mới nhất cao cấp PVT FASHION,139.000,Đặc tính sản phẩm Áo thun nam tay ngắn cổ tròn chất vải cotton co giãn thoáng mát phối L.V trẻ trung mẫu mới nhất cao cấp PVT FASHION,https://lzd-img-global.slatic.net/g/p/cb1c4af334e10e4416eb520baa6228ac.jpg_720x720q80.jpg_.webp,48%
"ÁO THUN/ TEE UNISEX RAGE OF THE SEA ""HOANGSA TRUONGSA""",199.000,"Đặc tính sản phẩm ÁO THUN/ TEE UNISEX RAGE OF THE SEA ""HOANGSA TRUONGSA""",https://lzd-img-global.slatic.net/g/p/845ff944f9df3070f2e294a55b5dca26.jpg_720x720q80.jpg_.webp,51%
Áo Thun Tay Lỡ Form Rộng 1969Unisex Áo Phông Unisex Nam Nữ Form Rộng Tay Lỡ Sadboiz Sad Luv Trang Hàn Quốc Kiểu Dáng Trẻ Trung,78.900,Đặc tính sản phẩm Áo Thun Tay Lỡ Form Rộng 1969Unisex Áo Phông Unisex Nam Nữ Form Rộng Tay Lỡ Sadboiz Sad Luv Trang Hàn Quốc Kiểu Dáng Trẻ Trung,https://lzd-img-global.slatic.net/g/ff/kf/S9529b93df9304667ab43f03e5cbc04dev.jpg_720x720q80.jpg_.webp,51%
"Áo Thun SAD BOIZ SADTAGRAM Nam Nữ, Áo Phông Ulzzang Unisex Form Rộng Tay Lỡ, AT99 trending xu hướng, Men Lì Fashion, Thời Trang Hàn Quốc, Độc Đẹp Vải Dày Mịn Thoáng Mát, Thiết Kế Thời Trang, Kiểu Dáng Năng Động Trẻ Trung [ CÓ HÌNH ẢNH VIDEO THẬT ]",60.000,"Đặc tính sản phẩm Áo Thun SAD BOIZ SADTAGRAM Nam Nữ, Áo Phông Ulzzang Unisex Form Rộng Tay Lỡ, AT99 trending xu hướng, Men Lì Fashion, Thời Trang Hàn Quốc, Độc Đẹp Vải Dày Mịn Thoáng Mát, Thiết Kế Thời Trang, Kiểu Dáng Năng Động Trẻ Trung [ CÓ HÌNH ẢNH VIDEO THẬT ]",https://lzd-img-global.slatic.net/g/p/24ab7e2a240844c52dab174ed94cb659.jpg_720x720q80.jpg_.webp,43%
"[HCM]Áo Thun Unisex Nam Nữ, Áo Phông Form Rộng Tay Lỡ PHI HÀNH GIA NASA Phong Cách UIzzang Men Lì Fashion Thời Trang Hàn Quốc Độc Đẹp Vải Dày Mịn Thoáng Mát Thiết Kế Thời Trang Kiểu Dáng Năng Động Trẻ Trung [ CÓ HÌNH ẢNH VIDEO THẬT ]",60.000,"Đặc tính sản phẩm [HCM]Áo Thun Unisex Nam Nữ, Áo Phông Form Rộng Tay Lỡ PHI HÀNH GIA NASA Phong Cách UIzzang Men Lì Fashion Thời Trang Hàn Quốc Độc Đẹp Vải Dày Mịn Thoáng Mát Thiết Kế Thời Trang Kiểu Dáng Năng Động Trẻ Trung [ CÓ HÌNH ẢNH VIDEO THẬT ]",https://lzd-img-global.slatic.net/g/p/e80755e23ee892a9f61d551492681873.jpg_720x720q80.jpg_.webp,53%
Áo thun nam cổ tròn form rộng thời trang Everest Nhiều Màu,79.000,Đặc tính sản phẩm Áo thun nam cổ tròn form rộng thời trang Everest Nhiều Màu,https://lzd-img-global.slatic.net/g/ff/kf/S1a3a1405dfa548ee983acbfa8f73b985T.jpg_720x720q80.jpg_.webp,54%
"Áo Thun Nam CỔ TRÒN Cao Cấp ( nhiều màu) Tay Ngắn, chất cotton bề mặt vải mềm Mịn cực hot",99.000,"Đặc tính sản phẩm Áo Thun Nam CỔ TRÒN Cao Cấp ( nhiều màu) Tay Ngắn, chất cotton bề mặt vải mềm Mịn cực hot",https://lzd-img-global.slatic.net/g/p/f4415b1c90d3c6c855b052ca99c50dbc.jpg_720x720q80.jpg_.webp,50%
Áo thun nam cổ tròn DSQ phối loang chất thun lạnh thoáng mát sang trọng chất đẹp mẫu mới giá rẻ,109.000,Đặc tính sản phẩm Áo thun nam cổ tròn DSQ phối loang chất thun lạnh thoáng mát sang trọng chất đẹp mẫu mới giá rẻ,https://lzd-img-global.slatic.net/g/ff/kf/S6f7b649ceeab41d0a5383a994f10a3bb6.jpg_720x720q80.jpg_.webp,25%
"Áo Thun Nam CỔ TRÒN Cao Cấp ( nhiều màu) Tay Ngắn, chất cotton bề mặt vải mềm Mịn cực hot",99.000,"Đặc tính sản phẩm Áo Thun Nam CỔ TRÒN Cao Cấp ( nhiều màu) Tay Ngắn, chất cotton bề mặt vải mềm Mịn cực hot",https://lzd-img-global.slatic.net/g/p/f4415b1c90d3c6c855b052ca99c50dbc.jpg_720x720q80.jpg_.webp,50%
[ 5 MÀU ] Áo thun nam vải mịn mát tay ngắn cổ bẻ thanh lịch áo polo nam 01,140.000,Đặc tính sản phẩm [ 5 MÀU ] Áo thun nam vải mịn mát tay ngắn cổ bẻ thanh lịch áo polo nam 01,https://lzd-img-global.slatic.net/g/ff/kf/S8a4775b6c10842fd8ca28ed958ba41a6x.jpg_720x720q80.jpg_.webp,47%
Áo thể thao nam chất thun lạnh ngắn tay đẹp cổ tròn cao cấp dập vân,55.000,Đặc tính sản phẩm Áo thể thao nam chất thun lạnh ngắn tay đẹp cổ tròn cao cấp dập vân,https://lzd-img-global.slatic.net/g/p/061708d337158b8316f2510565224c0c.jpg_720x720q80.jpg_.webp,48%
[HCM]ÁO THUN NAM CỔ BẺ TAY NGẮN 5 MÀU ĐƠN GIÃN SANG TRỌNG DỄ MẶC VỚI NHIỀU TRANG PHỤC 01,140.000,Đặc tính sản phẩm [HCM]ÁO THUN NAM CỔ BẺ TAY NGẮN 5 MÀU ĐƠN GIÃN SANG TRỌNG DỄ MẶC VỚI NHIỀU TRANG PHỤC 01,https://lzd-img-global.slatic.net/g/p/66d0bff0c7875b58eb83bd16f768072e.jpg_720x720q80.jpg_.webp,48%
Áo thun áo phông FIGHT FOR YOUR RIGHT - Áo phông form rộng tay lỡ phong cách Hàn Quốc phù hợp cả nam nữ cặp đôi - Tokyo shop (Video thật),59.000,Đặc tính sản phẩm Áo thun áo phông FIGHT FOR YOUR RIGHT - Áo phông form rộng tay lỡ phong cách Hàn Quốc phù hợp cả nam nữ cặp đôi - Tokyo shop (Video thật),https://lzd-img-global.slatic.net/g/p/67eebe30cfb9b147c4fbdb0648d8b88f.jpg_720x720q80.jpg_.webp,44%
"Áo Thun LEVENTS POPULAR LOGO TEE Nam Nữ, Áo Phông Unisex Form Rộng Tay Lỡ, AT125 trending xu hướng, Men Lì Fashion, Thời Trang Hàn Quốc, Độc Đẹp Vải Dày Mịn Thoáng Mát, Thiết Kế Thời Trang, Kiểu Dáng Năng Động Trẻ Trung",60.000,"Đặc tính sản phẩm Áo Thun LEVENTS POPULAR LOGO TEE Nam Nữ, Áo Phông Unisex Form Rộng Tay Lỡ, AT125 trending xu hướng, Men Lì Fashion, Thời Trang Hàn Quốc, Độc Đẹp Vải Dày Mịn Thoáng Mát, Thiết Kế Thời Trang, Kiểu Dáng Năng Động Trẻ Trung",https://lzd-img-global.slatic.net/g/p/5f9e071b0774514c19a681b9085e0e29.jpg_720x720q80.jpg_.webp,43%
Áo Thun Outerity Logo Meow | Meow x Tết Ấm Project không tặng kèm móc khóa Oute,230.000,Đặc tính sản phẩm Áo Thun Outerity Logo Meow | Meow x Tết Ấm Project không tặng kèm móc khóa Oute,https://lzd-img-global.slatic.net/g/p/977fa7cfd91de48b3cdd03397c067fd0.jpg_720x720q80.jpg_.webp,50%
Áo Thể Thao Nam TSIMPLE thun lạnh tập gym cổ tròn ngắn tay vải thoáng mát co giãn chuẩn form nhiều màu,112.999,Đặc tính sản phẩm Áo Thể Thao Nam TSIMPLE thun lạnh tập gym cổ tròn ngắn tay vải thoáng mát co giãn chuẩn form nhiều màu,https://lzd-img-global.slatic.net/g/ff/kf/Se423f2f0cfc74733bae21288ea7a84f3F.jpg_720x720q80.jpg_.webp,48%
ÁO THUN NAM POLO THÊU LOGO MEC CHẤT VẢI COTTON 4 CHIỀU DO DÃN CỰC KỲ SANG TRỌNG LỊCH LÃM - PLOMEC512,119.000,Đặc tính sản phẩm ÁO THUN NAM POLO THÊU LOGO MEC CHẤT VẢI COTTON 4 CHIỀU DO DÃN CỰC KỲ SANG TRỌNG LỊCH LÃM - PLOMEC512,https://lzd-img-global.slatic.net/g/ff/kf/Se371ab5dc77d474bbf8dfe2ce6c7e40bb.jpg_720x720q80.jpg_.webp,34%
【Hàng Có Sẵn】áo Tay Dài Mô Tô Yamaha Mio I 125 M3 Áo Đua Xuống Dốc Mới Áo Đi Xe Đạp Áo Chạy Xe Máy Xe Đạp Leo Núi Quần Áo Thể Thao Đua Xe Mô Tô Đường Địa Hình Xe Đạp Xe Đạp,312.000,Đặc tính sản phẩm 【Hàng Có Sẵn】áo Tay Dài Mô Tô Yamaha Mio I 125 M3 Áo Đua Xuống Dốc Mới Áo Đi Xe Đạp Áo Chạy Xe Máy Xe Đạp Leo Núi Quần Áo Thể Thao Đua Xe Mô Tô Đường Địa Hình Xe Đạp Xe Đạp,https://lzd-img-global.slatic.net/g/p/1ac0e62b25c3012b6d20ba061b0e3f99.jpg_720x720q80.jpg_.webp,38%
Áo thể thao nam Coolmate Basics thấm hút nhanh khô,99.000,Đặc tính sản phẩm Áo thể thao nam Coolmate Basics thấm hút nhanh khô,https://lzd-img-global.slatic.net/g/p/4bede891fdc2076cf45c07f6b1b9b282.jpg_720x720q80.jpg_.webp,2%
ASRV Áo Thun Nam Tay Ngắn Dáng Rộng Họa Tiết Kẻ Sọc Waffle Thiết Kế Niche Cao Cấp Áo Khoác Có Mũ Dễ Phối,199.000,Đặc tính sản phẩm ASRV Áo Thun Nam Tay Ngắn Dáng Rộng Họa Tiết Kẻ Sọc Waffle Thiết Kế Niche Cao Cấp Áo Khoác Có Mũ Dễ Phối,https://lzd-img-global.slatic.net/g/p/b7ff0ac571c61e939dab46687a617f04.jpg_720x720q80.jpg_.webp,60%
Áo thun nam cổ tròn dập vân nổi thêu họa tiết 2 màu trắng đen mẫu mới chất vải cotton co giãn-AHFASHION,99.000,Đặc tính sản phẩm Áo thun nam cổ tròn dập vân nổi thêu họa tiết 2 màu trắng đen mẫu mới chất vải cotton co giãn-AHFASHION,https://lzd-img-global.slatic.net/g/ff/kf/S8e581bfc92ac49c5bac680d32f609705x.jpg_720x720q80.jpg_.webp,63%
Áo thun áo phông BEAUTIFUL- Áo phông form rộng tay lỡ phong cách Hàn Quốc phù hợp cả nam nữ cặp đôi - Tokyo shop (Video thật),59.000,Đặc tính sản phẩm Áo thun áo phông BEAUTIFUL- Áo phông form rộng tay lỡ phong cách Hàn Quốc phù hợp cả nam nữ cặp đôi - Tokyo shop (Video thật),https://lzd-img-global.slatic.net/g/p/6814f18dd3f677065a5fa3dabe4f0047.jpg_720x720q80.jpg_.webp,41%
"Áo thun tay lỡ - PHỐI LAYER + IN NỔI CHỮ FLOWER - chất cotton thoáng mát và mềm mịn đi học ,đi chơi đều ok",200.000,"Đặc tính sản phẩm Áo thun tay lỡ - PHỐI LAYER + IN NỔI CHỮ FLOWER - chất cotton thoáng mát và mềm mịn đi học ,đi chơi đều ok",https://lzd-img-global.slatic.net/g/p/28df7959c7c0e274a0d44d060211356b.jpg_720x720q80.jpg_.webp,52%
Áo thun nam POLO vải cá sấu cotton cao cấp ngắn tay cực sang trọng lịch lãm,109.000,Đặc tính sản phẩm Áo thun nam POLO vải cá sấu cotton cao cấp ngắn tay cực sang trọng lịch lãm,https://lzd-img-global.slatic.net/g/p/42300e88bfee6a1eb12b6f109503f055.png_720x720q80.png_.webp,29%
Áo Thun Tay Lỡ Form Rộng 1969Unisex Áo Phông Unisex Nam Nữ Form Rộng Tay Lỡ Teelab Việt Nam Form Rộng Unisex phông Đen Trắng Nam Nữ Thời Trang Hàn Quốc Kiểu Dáng Trẻ Trung,75.600,Đặc tính sản phẩm Áo Thun Tay Lỡ Form Rộng 1969Unisex Áo Phông Unisex Nam Nữ Form Rộng Tay Lỡ Teelab Việt Nam Form Rộng Unisex phông Đen Trắng Nam Nữ Thời Trang Hàn Quốc Kiểu Dáng Trẻ Trung,https://lzd-img-global.slatic.net/g/p/b72e3c9b97c10aa1af0798d832cb7efd.jpg_720x720q80.jpg_.webp,57%
ASRV Áo thun nam Mới Mùa Hè kích thước lớn dáng rộng áo màu trơn thể thao nam tay ngắn cổ tròn khô nhanh,360.000,Đặc tính sản phẩm ASRV Áo thun nam Mới Mùa Hè kích thước lớn dáng rộng áo màu trơn thể thao nam tay ngắn cổ tròn khô nhanh,https://lzd-img-global.slatic.net/g/ff/kf/S3d0e8e7a4c8e4989bd0e9cd40025a96bJ.jpg_720x720q80.jpg_.webp,52%
